title,category,slug,soc_code,median_pay_annual,median_pay_hourly,entry_education,work_experience,training,num_jobs_2024,projected_employment_2034,outlook_pct,outlook_desc,employment_change,url
Accountants and auditors,business-and-financial,accountants-and-auditors,13-2011,81680,39.27,Bachelor's degree,None,None,1579800,1652600,5,Faster than average,72800,https://www.bls.gov/ooh/business-and-financial/accountants-and-auditors.htm
Actors,entertainment-and-sports,actors,27-2011,48526,23.33,"Some college, no degree",None,Long-term on-the-job training,57000,57100,0,Little or no change,200,https://www.bls.gov/ooh/entertainment-and-sports/actors.htm
Actuaries,math,actuaries,15-2011,125770,60.47,Bachelor's degree,None,Long-term on-the-job training,33600,40900,22,Much faster than average,7300,https://www.bls.gov/ooh/math/actuaries.htm
Administrative services and facilities managers,management,administrative-services-managers,11-3010,106880,51.39,Bachelor's degree,Less than 5 years,None,422600,440900,4,As fast as average,18300,https://www.bls.gov/ooh/management/administrative-services-managers.htm
Adult basic and secondary education and ESL teachers,education-training-and-library,adult-literacy-and-ged-teachers,25-3011,59950,28.82,Bachelor's degree,None,None,40900,35300,-14,Decline,-5600,https://www.bls.gov/ooh/education-training-and-library/adult-literacy-and-ged-teachers.htm
Advertising sales agents,sales,advertising-sales-agents,41-3011,61460,29.55,High school diploma or equivalent,None,Moderate-term on-the-job training,103700,97100,-6,Decline,-6600,https://www.bls.gov/ooh/sales/advertising-sales-agents.htm
"Advertising, promotions, and marketing managers",management,advertising-promotions-and-marketing-managers,,159660,76.76,Bachelor's degree,See How to Become One,None,434000,460100,6,Faster than average,26100,https://www.bls.gov/ooh/management/advertising-promotions-and-marketing-managers.htm
Aerospace engineering and operations technologists and technicians,architecture-and-engineering,aerospace-engineering-and-operations-technicians,17-3021,79830,38.38,Associate's degree,None,None,9300,10100,8,Much faster than average,800,https://www.bls.gov/ooh/architecture-and-engineering/aerospace-engineering-and-operations-technicians.htm
Aerospace engineers,architecture-and-engineering,aerospace-engineers,17-2011,134830,64.82,Bachelor's degree,None,None,71600,75900,6,Faster than average,4400,https://www.bls.gov/ooh/architecture-and-engineering/aerospace-engineers.htm
Agricultural and food science technicians,life-physical-and-social-science,agricultural-and-food-science-technicians,19-4010,48480,23.31,Associate's degree,None,Moderate-term on-the-job training,38900,40700,5,Faster than average,1800,https://www.bls.gov/ooh/life-physical-and-social-science/agricultural-and-food-science-technicians.htm
Agricultural and food scientists,life-physical-and-social-science,agricultural-and-food-scientists,19-1010,78770,37.87,Bachelor's degree,None,None,38700,41000,6,Faster than average,2300,https://www.bls.gov/ooh/life-physical-and-social-science/agricultural-and-food-scientists.htm
Agricultural engineers,architecture-and-engineering,agricultural-engineers,17-2021,84630,40.69,Bachelor's degree,None,None,1700,1800,6,Faster than average,100,https://www.bls.gov/ooh/architecture-and-engineering/agricultural-engineers.htm
Agricultural workers,farming-fishing-and-forestry,agricultural-workers,,35980,17.30,See How to Become One,None,See How to Become One,812600,790200,-3,Decline,-22500,https://www.bls.gov/ooh/farming-fishing-and-forestry/agricultural-workers.htm
Air traffic controllers,transportation-and-material-moving,air-traffic-controllers,53-2021,144580,69.51,Associate's degree,None,Long-term on-the-job training,24100,24400,1,Slower than average,300,https://www.bls.gov/ooh/transportation-and-material-moving/air-traffic-controllers.htm
Aircraft and avionics equipment mechanics and technicians,installation-maintenance-and-repair,aircraft-and-avionics-equipment-mechanics-and-technicians,,79140,38.05,Postsecondary nondegree award,None,None,160800,168100,5,Faster than average,7300,https://www.bls.gov/ooh/installation-maintenance-and-repair/aircraft-and-avionics-equipment-mechanics-and-technicians.htm
Airline and commercial pilots,transportation-and-material-moving,airline-and-commercial-pilots,53-2010,198100,95.24,See How to Become One,See How to Become One,Moderate-term on-the-job training,155400,162200,4,As fast as average,6700,https://www.bls.gov/ooh/transportation-and-material-moving/airline-and-commercial-pilots.htm
Animal care and service workers,personal-care-and-service,animal-care-and-service-workers,39-2000,33860,16.28,High school diploma or equivalent,None,See How to Become One,439400,489400,11,Much faster than average,50000,https://www.bls.gov/ooh/personal-care-and-service/animal-care-and-service-workers.htm
Announcers and DJs,media-and-communication,announcers,,45115,21.69,See How to Become One,None,See How to Become One,39500,38800,-2,Decline,-700,https://www.bls.gov/ooh/media-and-communication/announcers.htm
Anthropologists and archeologists,life-physical-and-social-science,anthropologists-and-archeologists,19-3091,64910,31.21,Master's degree,None,None,8800,9200,4,As fast as average,300,https://www.bls.gov/ooh/life-physical-and-social-science/anthropologists-and-archeologists.htm
"Arbitrators, mediators, and conciliators",legal,arbitrators-mediators-and-conciliators,23-1022,67710,32.55,Bachelor's degree,Less than 5 years,Moderate-term on-the-job training,9100,9500,4,As fast as average,400,https://www.bls.gov/ooh/legal/arbitrators-mediators-and-conciliators.htm
Architects,architecture-and-engineering,architects,17-1011,96690,46.49,Bachelor's degree,None,Internship/residency,123600,128400,4,As fast as average,4800,https://www.bls.gov/ooh/architecture-and-engineering/architects.htm
Architectural and engineering managers,management,architectural-and-engineering-managers,11-9041,167740,80.64,Bachelor's degree,5 years or more,None,212500,220500,4,As fast as average,8000,https://www.bls.gov/ooh/management/architectural-and-engineering-managers.htm
"Archivists, curators, and museum workers",education-training-and-library,curators-museum-technicians-and-conservators,25-4010,57100,27.45,See How to Become One,None,None,40200,42400,6,Faster than average,2300,https://www.bls.gov/ooh/education-training-and-library/curators-museum-technicians-and-conservators.htm
Art directors,arts-and-design,art-directors,27-1011,111040,53.38,Bachelor's degree,5 years or more,None,135000,140700,4,As fast as average,5700,https://www.bls.gov/ooh/arts-and-design/art-directors.htm
Assemblers and fabricators,production,assemblers-and-fabricators,,43570,20.95,High school diploma or equivalent,None,Moderate-term on-the-job training,1885400,1874200,-1,Decline,-11200,https://www.bls.gov/ooh/production/assemblers-and-fabricators.htm
Athletes and sports competitors,entertainment-and-sports,athletes-and-sports-competitors,27-2021,62360,29.98,No formal educational credential,None,Long-term on-the-job training,19100,20200,5,Faster than average,1000,https://www.bls.gov/ooh/entertainment-and-sports/athletes-and-sports-competitors.htm
Athletic trainers,healthcare,athletic-trainers,29-9091,60250,28.97,Master's degree,None,None,33900,37600,11,Much faster than average,3800,https://www.bls.gov/ooh/healthcare/athletic-trainers.htm
"Atmospheric scientists, including meteorologists",life-physical-and-social-science,atmospheric-scientists-including-meteorologists,19-2021,97450,46.85,Bachelor's degree,None,None,9400,9500,1,Slower than average,100,https://www.bls.gov/ooh/life-physical-and-social-science/atmospheric-scientists-including-meteorologists.htm
Audiologists,healthcare,audiologists,29-1181,92120,44.29,Doctoral or professional degree,None,None,15800,17300,9,Much faster than average,1500,https://www.bls.gov/ooh/healthcare/audiologists.htm
Automotive body and glass repairers,installation-maintenance-and-repair,automotive-body-and-glass-repairers,,50680,24.36,High school diploma or equivalent,None,See How to Become One,193000,196500,2,Slower than average,3500,https://www.bls.gov/ooh/installation-maintenance-and-repair/automotive-body-and-glass-repairers.htm
Automotive service technicians and mechanics,installation-maintenance-and-repair,automotive-service-technicians-and-mechanics,49-3023,49670,23.88,Postsecondary nondegree award,None,Short-term on-the-job training,805600,839200,4,As fast as average,33600,https://www.bls.gov/ooh/installation-maintenance-and-repair/automotive-service-technicians-and-mechanics.htm
Bakers,production,bakers,51-3011,36650,17.62,No formal educational credential,None,Moderate-term on-the-job training,249100,263200,6,Faster than average,14000,https://www.bls.gov/ooh/production/bakers.htm
"Barbers, hairstylists, and cosmetologists",personal-care-and-service,barbers-hairstylists-and-cosmetologists,39-5010,35420,17.03,Postsecondary nondegree award,None,None,651200,686600,5,Faster than average,35300,https://www.bls.gov/ooh/personal-care-and-service/barbers-hairstylists-and-cosmetologists.htm
Bartenders,food-preparation-and-serving,bartenders,35-3011,33530,16.12,No formal educational credential,None,Short-term on-the-job training,756700,801500,6,Faster than average,44800,https://www.bls.gov/ooh/food-preparation-and-serving/bartenders.htm
Bill and account collectors,office-and-administrative-support,bill-and-account-collectors,43-3011,46040,22.14,High school diploma or equivalent,None,Moderate-term on-the-job training,166900,149400,-10,Decline,-17500,https://www.bls.gov/ooh/office-and-administrative-support/bill-and-account-collectors.htm
Biochemists and biophysicists,life-physical-and-social-science,biochemists-and-biophysicists,19-1021,103650,49.83,Doctoral or professional degree,None,None,35600,37600,6,Faster than average,2100,https://www.bls.gov/ooh/life-physical-and-social-science/biochemists-and-biophysicists.htm
Bioengineers and biomedical engineers,architecture-and-engineering,biomedical-engineers,17-2031,106950,51.42,Bachelor's degree,None,None,22200,23300,5,Faster than average,1100,https://www.bls.gov/ooh/architecture-and-engineering/biomedical-engineers.htm
Biological technicians,life-physical-and-social-science,biological-technicians,19-4021,52000,25.00,Bachelor's degree,None,None,82700,85600,3,As fast as average,2900,https://www.bls.gov/ooh/life-physical-and-social-science/biological-technicians.htm
Boilermakers,construction-and-extraction,boilermakers,47-2011,73340,35.26,High school diploma or equivalent,None,Apprenticeship,10400,10100,-2,Decline,-200,https://www.bls.gov/ooh/construction-and-extraction/boilermakers.htm
"Bookkeeping, accounting, and auditing clerks",office-and-administrative-support,bookkeeping-accounting-and-auditing-clerks,43-3031,49210,23.66,"Some college, no degree",None,Moderate-term on-the-job training,1613400,1519100,-6,Decline,-94300,https://www.bls.gov/ooh/office-and-administrative-support/bookkeeping-accounting-and-auditing-clerks.htm
"Broadcast, sound, and video technicians",media-and-communication,broadcast-and-sound-engineering-technicians,27-4010,56600,27.21,See How to Become One,None,Short-term on-the-job training,146100,147700,1,Slower than average,1500,https://www.bls.gov/ooh/media-and-communication/broadcast-and-sound-engineering-technicians.htm
Budget analysts,business-and-financial,budget-analysts,13-2031,87930,42.27,Bachelor's degree,None,None,50400,51000,1,Slower than average,500,https://www.bls.gov/ooh/business-and-financial/budget-analysts.htm
Bus drivers,transportation-and-material-moving,bus-drivers,,48370,23.26,High school diploma or equivalent,None,See How to Become One,546100,553800,1,Slower than average,7600,https://www.bls.gov/ooh/transportation-and-material-moving/bus-drivers.htm
Butchers,production,butchers-and-meat-cutters,51-3021,38960,18.73,No formal educational credential,None,Long-term on-the-job training,143100,144500,1,Slower than average,1400,https://www.bls.gov/ooh/production/butchers-and-meat-cutters.htm
Calibration technologists and technicians,installation-maintenance-and-repair,calibration-technologists-and-technicians,17-3028,65040,31.27,Associate's degree,None,None,15800,16500,5,Faster than average,700,https://www.bls.gov/ooh/installation-maintenance-and-repair/calibration-technologists-and-technicians.htm
Cardiovascular technologists and technicians,healthcare,cardiovascular-technologists-and-technicians,29-2031,67260,32.34,Associate's degree,None,None,64700,66600,3,As fast as average,1900,https://www.bls.gov/ooh/healthcare/cardiovascular-technologists-and-technicians.htm
Career and technical education teachers,education-training-and-library,career-and-technical-education-teachers,,62910,30.25,Bachelor's degree,Less than 5 years,None,239600,238300,-1,Decline,-1300,https://www.bls.gov/ooh/education-training-and-library/career-and-technical-education-teachers.htm
Carpenters,construction-and-extraction,carpenters,47-2031,59310,28.51,High school diploma or equivalent,None,Apprenticeship,959000,1002100,4,As fast as average,43100,https://www.bls.gov/ooh/construction-and-extraction/carpenters.htm
Cartographers and photogrammetrists,architecture-and-engineering,cartographers-and-photogrammetrists,17-1021,78380,37.68,Bachelor's degree,None,None,13400,14300,6,Faster than average,900,https://www.bls.gov/ooh/architecture-and-engineering/cartographers-and-photogrammetrists.htm
Cashiers,sales,cashiers,41-2011,31190,14.99,No formal educational credential,None,Short-term on-the-job training,3157200,2843600,-10,Decline,-313600,https://www.bls.gov/ooh/sales/cashiers.htm
Chefs and head cooks,food-preparation-and-serving,chefs-and-head-cooks,35-1011,60990,29.32,High school diploma or equivalent,5 years or more,None,197300,211300,7,Much faster than average,14000,https://www.bls.gov/ooh/food-preparation-and-serving/chefs-and-head-cooks.htm
Chemical engineers,architecture-and-engineering,chemical-engineers,17-2041,121860,58.59,Bachelor's degree,None,None,21600,22100,3,As fast as average,600,https://www.bls.gov/ooh/architecture-and-engineering/chemical-engineers.htm
Chemical technicians,life-physical-and-social-science,chemical-technicians,19-4031,57790,27.78,Associate's degree,None,Moderate-term on-the-job training,57000,59000,4,As fast as average,2100,https://www.bls.gov/ooh/life-physical-and-social-science/chemical-technicians.htm
Chemists and materials scientists,life-physical-and-social-science,chemists-and-materials-scientists,19-2030,86620,41.64,Bachelor's degree,None,None,95500,100200,5,Faster than average,4700,https://www.bls.gov/ooh/life-physical-and-social-science/chemists-and-materials-scientists.htm
Childcare workers,personal-care-and-service,childcare-workers,39-9011,32050,15.41,High school diploma or equivalent,None,Short-term on-the-job training,991600,962400,-3,Decline,-29200,https://www.bls.gov/ooh/personal-care-and-service/childcare-workers.htm
Chiropractors,healthcare,chiropractors,29-1011,79000,37.98,Doctoral or professional degree,None,None,57200,62600,10,Much faster than average,5400,https://www.bls.gov/ooh/healthcare/chiropractors.htm
Civil engineering technologists and technicians,architecture-and-engineering,civil-engineering-technicians,17-3022,64200,30.86,Associate's degree,None,None,64900,66200,2,Slower than average,1400,https://www.bls.gov/ooh/architecture-and-engineering/civil-engineering-technicians.htm
Civil engineers,architecture-and-engineering,civil-engineers,17-2051,99590,47.88,Bachelor's degree,None,None,368900,387500,5,Faster than average,18500,https://www.bls.gov/ooh/architecture-and-engineering/civil-engineers.htm
"Claims adjusters, appraisers, examiners, and investigators",business-and-financial,claims-adjusters-appraisers-examiners-and-investigators,13-1030,76790,36.92,See How to Become One,None,See How to Become One,365300,346300,-5,Decline,-18900,https://www.bls.gov/ooh/business-and-financial/claims-adjusters-appraisers-examiners-and-investigators.htm
Clinical laboratory technologists and technicians,healthcare,clinical-laboratory-technologists-and-technicians,29-2010,61890,29.75,Bachelor's degree,None,None,351200,357200,2,Slower than average,6000,https://www.bls.gov/ooh/healthcare/clinical-laboratory-technologists-and-technicians.htm
Coaches and scouts,entertainment-and-sports,coaches-and-scouts,27-2022,45920,22.08,Bachelor's degree,None,None,306500,326000,6,Faster than average,19500,https://www.bls.gov/ooh/entertainment-and-sports/coaches-and-scouts.htm
Community health workers,community-and-social-service,community-health-workers,21-1094,51030,24.54,High school diploma or equivalent,None,Short-term on-the-job training,65100,72500,11,Much faster than average,7400,https://www.bls.gov/ooh/community-and-social-service/community-health-workers.htm
Compensation and benefits managers,management,compensation-and-benefits-managers,11-3111,140360,67.48,Bachelor's degree,5 years or more,None,20900,20900,0,Little or no change,0,https://www.bls.gov/ooh/management/compensation-and-benefits-managers.htm
"Compensation, benefits, and job analysis specialists",business-and-financial,compensation-benefits-and-job-analysis-specialists,13-1141,77020,37.03,Bachelor's degree,Less than 5 years,None,107000,112700,5,Faster than average,5600,https://www.bls.gov/ooh/business-and-financial/compensation-benefits-and-job-analysis-specialists.htm
Compliance officers,business-and-financial,compliance-officers,13-1041,78420,37.70,Bachelor's degree,None,Moderate-term on-the-job training,418000,430300,3,As fast as average,12300,https://www.bls.gov/ooh/business-and-financial/compliance-officers.htm
Computer and information research scientists,computer-and-information-technology,computer-and-information-research-scientists,15-1221,140910,67.74,Master's degree,None,None,40300,48300,20,Much faster than average,7900,https://www.bls.gov/ooh/computer-and-information-technology/computer-and-information-research-scientists.htm
Computer and information systems managers,management,computer-and-information-systems-managers,11-3021,171200,82.31,Bachelor's degree,5 years or more,None,667100,768700,15,Much faster than average,101600,https://www.bls.gov/ooh/management/computer-and-information-systems-managers.htm
Computer hardware engineers,architecture-and-engineering,computer-hardware-engineers,17-2061,155020,74.53,Bachelor's degree,None,None,76800,82400,7,Much faster than average,5600,https://www.bls.gov/ooh/architecture-and-engineering/computer-hardware-engineers.htm
Computer network architects,computer-and-information-technology,computer-network-architects,15-1241,130390,62.69,Bachelor's degree,5 years or more,None,179200,200600,12,Much faster than average,21400,https://www.bls.gov/ooh/computer-and-information-technology/computer-network-architects.htm
Computer programmers,computer-and-information-technology,computer-programmers,15-1251,98670,47.44,Bachelor's degree,None,None,121200,113900,-6,Decline,-7200,https://www.bls.gov/ooh/computer-and-information-technology/computer-programmers.htm
Computer support specialists,computer-and-information-technology,computer-support-specialists,15-1230,61550,29.59,See How to Become One,None,Moderate-term on-the-job training,882300,858000,-3,Decline,-24200,https://www.bls.gov/ooh/computer-and-information-technology/computer-support-specialists.htm
Computer systems analysts,computer-and-information-technology,computer-systems-analysts,15-1211,103790,49.90,Bachelor's degree,None,None,521100,566500,9,Much faster than average,45500,https://www.bls.gov/ooh/computer-and-information-technology/computer-systems-analysts.htm
Concierges,personal-care-and-service,concierges,39-6012,37320,17.94,High school diploma or equivalent,None,Moderate-term on-the-job training,45600,46700,2,Slower than average,1100,https://www.bls.gov/ooh/personal-care-and-service/concierges.htm
Conservation scientists and foresters,life-physical-and-social-science,conservation-scientists,19-1030,69060,33.20,Bachelor's degree,None,None,42400,43500,3,As fast as average,1100,https://www.bls.gov/ooh/life-physical-and-social-science/conservation-scientists.htm
Construction and building inspectors,construction-and-extraction,construction-and-building-inspectors,47-4011,72120,34.67,High school diploma or equivalent,5 years or more,Moderate-term on-the-job training,147600,146500,-1,Decline,-1200,https://www.bls.gov/ooh/construction-and-extraction/construction-and-building-inspectors.htm
Construction equipment operators,construction-and-extraction,construction-equipment-operators,47-2070,58320,28.04,High school diploma or equivalent,None,Moderate-term on-the-job training,539500,559000,4,As fast as average,19500,https://www.bls.gov/ooh/construction-and-extraction/construction-equipment-operators.htm
Construction laborers and helpers,construction-and-extraction,construction-laborers-and-helpers,,46050,22.14,See How to Become One,None,Short-term on-the-job training,1649100,1758900,7,Much faster than average,109900,https://www.bls.gov/ooh/construction-and-extraction/construction-laborers-and-helpers.htm
Construction managers,management,construction-managers,11-9021,106980,51.43,Bachelor's degree,None,Moderate-term on-the-job training,550300,598400,9,Much faster than average,48100,https://www.bls.gov/ooh/management/construction-managers.htm
Cooks,food-preparation-and-serving,cooks,35-2010,35760,17.19,See How to Become One,See How to Become One,See How to Become One,2805100,2935700,5,Faster than average,130600,https://www.bls.gov/ooh/food-preparation-and-serving/cooks.htm
Correctional officers and bailiffs,protective-service,correctional-officers,33-3010,57950,27.86,High school diploma or equivalent,None,Moderate-term on-the-job training,406500,376000,-7,Decline,-30500,https://www.bls.gov/ooh/protective-service/correctional-officers.htm
Cost estimators,business-and-financial,cost-estimators,13-1051,77070,37.05,Bachelor's degree,None,Moderate-term on-the-job training,221400,212100,-4,Decline,-9300,https://www.bls.gov/ooh/business-and-financial/cost-estimators.htm
Court reporters and simultaneous captioners,legal,court-reporters,27-3092,67310,32.36,Postsecondary nondegree award,None,Short-term on-the-job training,17700,17700,0,Little or no change,0,https://www.bls.gov/ooh/legal/court-reporters.htm
Craft and fine artists,arts-and-design,craft-and-fine-artists,,56260,27.05,See How to Become One,None,Long-term on-the-job training,52000,52100,0,Little or no change,0,https://www.bls.gov/ooh/arts-and-design/craft-and-fine-artists.htm
Credit counselors,business-and-financial,credit-counselors,13-2071,50480,24.27,Bachelor's degree,None,Moderate-term on-the-job training,31800,32900,3,As fast as average,1100,https://www.bls.gov/ooh/business-and-financial/credit-counselors.htm
Customer service representatives,office-and-administrative-support,customer-service-representatives,43-4051,42830,20.59,High school diploma or equivalent,None,Short-term on-the-job training,2814000,2660300,-5,Decline,-153700,https://www.bls.gov/ooh/office-and-administrative-support/customer-service-representatives.htm
Dancers and choreographers,entertainment-and-sports,dancers-and-choreographers,27-2030,51022,24.53,See How to Become One,See How to Become One,Long-term on-the-job training,17000,17800,5,Faster than average,800,https://www.bls.gov/ooh/entertainment-and-sports/dancers-and-choreographers.htm
Data scientists,math,data-scientists,15-2051,112590,54.13,Bachelor's degree,None,None,245900,328300,34,Much faster than average,82500,https://www.bls.gov/ooh/math/data-scientists.htm
Database administrators and architects,computer-and-information-technology,database-administrators,,123100,59.18,Bachelor's degree,See How to Become One,None,144900,150200,4,As fast as average,5300,https://www.bls.gov/ooh/computer-and-information-technology/database-administrators.htm
Delivery truck drivers and driver/sales workers,transportation-and-material-moving,delivery-truck-drivers-and-driver-sales-workers,,42770,20.56,High school diploma or equivalent,None,Short-term on-the-job training,1531300,1650000,8,Much faster than average,118700,https://www.bls.gov/ooh/transportation-and-material-moving/delivery-truck-drivers-and-driver-sales-workers.htm
Dental and ophthalmic laboratory technicians and medical appliance technicians,production,dental-and-ophthalmic-laboratory-technicians-and-medical-appliance-technicians,51-9080,45820,22.03,High school diploma or equivalent,None,Moderate-term on-the-job training,66800,66000,-1,Decline,-700,https://www.bls.gov/ooh/production/dental-and-ophthalmic-laboratory-technicians-and-medical-appliance-technicians.htm
Dental assistants,healthcare,dental-assistants,31-9091,47300,22.74,Postsecondary nondegree award,None,None,381900,406300,6,Faster than average,24400,https://www.bls.gov/ooh/healthcare/dental-assistants.htm
Dental hygienists,healthcare,dental-hygienists,29-1292,94260,45.32,Associate's degree,None,None,221600,237200,7,Much faster than average,15500,https://www.bls.gov/ooh/healthcare/dental-hygienists.htm
Dentists,healthcare,dentists,29-1020,179210,86.16,Doctoral or professional degree,None,See How to Become One,149300,155200,4,As fast as average,5900,https://www.bls.gov/ooh/healthcare/dentists.htm
Desktop publishers,office-and-administrative-support,desktop-publishers,43-9031,53620,25.78,Associate's degree,None,Short-term on-the-job training,5000,4400,-12,Decline,-600,https://www.bls.gov/ooh/office-and-administrative-support/desktop-publishers.htm
Diagnostic medical sonographers,healthcare,diagnostic-medical-sonographers,29-2032,89340,42.95,Associate's degree,None,None,90000,101700,13,Much faster than average,11700,https://www.bls.gov/ooh/healthcare/diagnostic-medical-sonographers.htm
Diesel service technicians and mechanics,installation-maintenance-and-repair,diesel-service-technicians-and-mechanics,49-3031,60640,29.15,High school diploma or equivalent,None,Long-term on-the-job training,319900,327700,2,Slower than average,7800,https://www.bls.gov/ooh/installation-maintenance-and-repair/diesel-service-technicians-and-mechanics.htm
Dietitians and nutritionists,healthcare,dietitians-and-nutritionists,29-1031,73850,35.50,Bachelor's degree,None,Internship/residency,90900,95900,6,Faster than average,5000,https://www.bls.gov/ooh/healthcare/dietitians-and-nutritionists.htm
Drafters,architecture-and-engineering,drafters,17-3010,65380,31.44,Associate's degree,None,None,192100,191500,0,Little or no change,-600,https://www.bls.gov/ooh/architecture-and-engineering/drafters.htm
"Drywall installers, ceiling tile installers, and tapers",construction-and-extraction,drywall-and-ceiling-tile-installers-and-tapers,47-2080,58800,28.27,No formal educational credential,None,Moderate-term on-the-job training,118600,123000,4,As fast as average,4400,https://www.bls.gov/ooh/construction-and-extraction/drywall-and-ceiling-tile-installers-and-tapers.htm
Economists,life-physical-and-social-science,economists,19-3011,115440,55.50,Master's degree,None,None,17600,17800,1,Slower than average,200,https://www.bls.gov/ooh/life-physical-and-social-science/economists.htm
Editors,media-and-communication,editors,27-3041,75260,36.18,Bachelor's degree,Less than 5 years,None,115800,116500,1,Slower than average,700,https://www.bls.gov/ooh/media-and-communication/editors.htm
Electrical and electronic engineering technologists and technicians,architecture-and-engineering,electrical-and-electronics-engineering-technicians,17-3023,77180,37.11,Associate's degree,None,None,93700,94300,1,Slower than average,600,https://www.bls.gov/ooh/architecture-and-engineering/electrical-and-electronics-engineering-technicians.htm
Electrical and electronics engineers,architecture-and-engineering,electrical-and-electronics-engineers,17-2070,118780,57.11,Bachelor's degree,None,None,287900,307600,7,Much faster than average,19700,https://www.bls.gov/ooh/architecture-and-engineering/electrical-and-electronics-engineers.htm
Electrical and electronics installers and repairers,installation-maintenance-and-repair,electrical-and-electronics-installers-and-repairers,,71270,34.26,See How to Become One,See How to Become One,See How to Become One,118800,119200,0,Little or no change,400,https://www.bls.gov/ooh/installation-maintenance-and-repair/electrical-and-electronics-installers-and-repairers.htm
Electrical power-line installers and repairers,installation-maintenance-and-repair,line-installers-and-repairers,49-9051,92560,44.50,High school diploma or equivalent,None,Long-term on-the-job training,127400,135800,7,Much faster than average,8400,https://www.bls.gov/ooh/installation-maintenance-and-repair/line-installers-and-repairers.htm
Electricians,construction-and-extraction,electricians,47-2111,62350,29.98,High school diploma or equivalent,None,Apprenticeship,818700,896100,9,Much faster than average,77400,https://www.bls.gov/ooh/construction-and-extraction/electricians.htm
Electro-mechanical and mechatronics technologists and technicians,architecture-and-engineering,electro-mechanical-technicians,17-3024,70760,34.02,Associate's degree,None,None,15000,15100,1,Slower than average,200,https://www.bls.gov/ooh/architecture-and-engineering/electro-mechanical-technicians.htm
"Elementary, middle, and high school principals",management,elementary-middle-and-high-school-principals,11-9032,104070,50.03,Master's degree,5 years or more,None,333300,328100,-2,Decline,-5100,https://www.bls.gov/ooh/management/elementary-middle-and-high-school-principals.htm
Elevator and escalator installers and repairers,construction-and-extraction,elevator-installers-and-repairers,47-4021,106580,51.24,High school diploma or equivalent,None,Apprenticeship,24200,25400,5,Faster than average,1200,https://www.bls.gov/ooh/construction-and-extraction/elevator-installers-and-repairers.htm
Emergency management directors,management,emergency-management-directors,11-9161,86130,41.41,Bachelor's degree,5 years or more,None,13200,13600,3,As fast as average,400,https://www.bls.gov/ooh/management/emergency-management-directors.htm
EMTs and paramedics,healthcare,emts-and-paramedics,29-2040,46350,22.28,Postsecondary nondegree award,See How to Become One,None,282900,297200,5,Faster than average,14300,https://www.bls.gov/ooh/healthcare/emts-and-paramedics.htm
Entertainment and recreation managers,management,entertainment-and-recreation-managers,11-9072,77180,37.11,Bachelor's degree,Less than 5 years,None,43200,46500,8,Much faster than average,3300,https://www.bls.gov/ooh/management/entertainment-and-recreation-managers.htm
Environmental engineering technologists and technicians,architecture-and-engineering,environmental-engineering-technicians,17-3025,58890,28.31,Associate's degree,None,None,12900,13000,1,Slower than average,100,https://www.bls.gov/ooh/architecture-and-engineering/environmental-engineering-technicians.htm
Environmental engineers,architecture-and-engineering,environmental-engineers,17-2081,104170,50.08,Bachelor's degree,None,None,39400,41000,4,As fast as average,1500,https://www.bls.gov/ooh/architecture-and-engineering/environmental-engineers.htm
Environmental science and protection technicians,life-physical-and-social-science,environmental-science-and-protection-technicians,19-4042,49490,23.79,Associate's degree,None,None,40400,42100,4,As fast as average,1600,https://www.bls.gov/ooh/life-physical-and-social-science/environmental-science-and-protection-technicians.htm
Environmental scientists and specialists,life-physical-and-social-science,environmental-scientists-and-specialists,19-2041,80060,38.49,Bachelor's degree,None,None,90300,94300,4,As fast as average,4000,https://www.bls.gov/ooh/life-physical-and-social-science/environmental-scientists-and-specialists.htm
Epidemiologists,life-physical-and-social-science,epidemiologists,19-1041,83980,40.38,Master's degree,None,None,12300,14300,16,Much faster than average,2000,https://www.bls.gov/ooh/life-physical-and-social-science/epidemiologists.htm
Exercise physiologists,healthcare,exercise-physiologists,29-1128,58160,27.96,Bachelor's degree,None,None,23900,26100,9,Much faster than average,2300,https://www.bls.gov/ooh/healthcare/exercise-physiologists.htm
"Farmers, ranchers, and other agricultural managers",management,farmers-ranchers-and-other-agricultural-managers,11-9013,87980,42.30,High school diploma or equivalent,5 years or more,None,836100,825000,-1,Decline,-11100,https://www.bls.gov/ooh/management/farmers-ranchers-and-other-agricultural-managers.htm
Fashion designers,arts-and-design,fashion-designers,27-1022,80690,38.79,Bachelor's degree,None,None,25700,26200,2,Slower than average,500,https://www.bls.gov/ooh/arts-and-design/fashion-designers.htm
Film and video editors and camera operators,media-and-communication,film-and-video-editors-and-camera-operators,27-4030,70570,33.93,Bachelor's degree,None,None,79900,82100,3,As fast as average,2200,https://www.bls.gov/ooh/media-and-communication/film-and-video-editors-and-camera-operators.htm
Financial analysts,business-and-financial,financial-analysts,,101910,48.99,Bachelor's degree,None,None,429000,454000,6,Faster than average,25100,https://www.bls.gov/ooh/business-and-financial/financial-analysts.htm
Financial clerks,office-and-administrative-support,financial-clerks,,48650,23.39,High school diploma or equivalent,None,See How to Become One,1193000,1134600,-5,Decline,-58300,https://www.bls.gov/ooh/office-and-administrative-support/financial-clerks.htm
Financial examiners,business-and-financial,financial-examiners,13-2061,90400,43.46,Bachelor's degree,None,Long-term on-the-job training,65100,77200,19,Much faster than average,12100,https://www.bls.gov/ooh/business-and-financial/financial-examiners.htm
Financial managers,management,financial-managers,11-3031,161700,77.74,Bachelor's degree,5 years or more,None,868600,997400,15,Much faster than average,128800,https://www.bls.gov/ooh/management/financial-managers.htm
Fire inspectors,protective-service,fire-inspectors-and-investigators,33-2020,75480,36.29,See How to Become One,See How to Become One,Moderate-term on-the-job training,17600,18600,6,Faster than average,1000,https://www.bls.gov/ooh/protective-service/fire-inspectors-and-investigators.htm
Firefighters,protective-service,firefighters,33-2011,59530,28.62,Postsecondary nondegree award,None,Long-term on-the-job training,344900,356700,3,As fast as average,11800,https://www.bls.gov/ooh/protective-service/firefighters.htm
Fishing and hunting workers,farming-fishing-and-forestry,fishers-and-related-fishing-workers,45-3031,,,No formal educational credential,None,Moderate-term on-the-job training,21900,20900,-5,Decline,-1000,https://www.bls.gov/ooh/farming-fishing-and-forestry/fishers-and-related-fishing-workers.htm
Fitness trainers and instructors,personal-care-and-service,fitness-trainers-and-instructors,39-9031,46180,22.20,High school diploma or equivalent,None,Short-term on-the-job training,370100,414200,12,Much faster than average,44100,https://www.bls.gov/ooh/personal-care-and-service/fitness-trainers-and-instructors.htm
Flight attendants,transportation-and-material-moving,flight-attendants,53-2031,67130,32.27,High school diploma or equivalent,Less than 5 years,Moderate-term on-the-job training,130800,142900,9,Much faster than average,12100,https://www.bls.gov/ooh/transportation-and-material-moving/flight-attendants.htm
Flooring installers and tile and stone setters,construction-and-extraction,tile-and-marble-setters,47-2040,52000,25.00,No formal educational credential,None,See How to Become One,112300,119000,6,Faster than average,6700,https://www.bls.gov/ooh/construction-and-extraction/tile-and-marble-setters.htm
Floral designers,arts-and-design,floral-designers,27-1023,36120,17.37,High school diploma or equivalent,None,Moderate-term on-the-job training,43800,41200,-6,Decline,-2600,https://www.bls.gov/ooh/arts-and-design/floral-designers.htm
Food and beverage serving and related workers,food-preparation-and-serving,food-and-beverage-serving-and-related-workers,,31040,14.92,No formal educational credential,None,Short-term on-the-job training,5030600,5298600,5,Faster than average,268000,https://www.bls.gov/ooh/food-preparation-and-serving/food-and-beverage-serving-and-related-workers.htm
Food preparation workers,food-preparation-and-serving,food-preparation-workers,35-2021,34220,16.45,No formal educational credential,None,Short-term on-the-job training,902700,871800,-3,Decline,-30900,https://www.bls.gov/ooh/food-preparation-and-serving/food-preparation-workers.htm
Food processing equipment workers,production,food-and-tobacco-processing-workers,,40050,19.26,See How to Become One,None,Moderate-term on-the-job training,282600,297900,5,Faster than average,15300,https://www.bls.gov/ooh/production/food-and-tobacco-processing-workers.htm
Food service managers,management,food-service-managers,11-9051,65310,31.40,High school diploma or equivalent,Less than 5 years,Short-term on-the-job training,352800,375300,6,Faster than average,22600,https://www.bls.gov/ooh/management/food-service-managers.htm
Forensic science technicians,life-physical-and-social-science,forensic-science-technicians,19-4092,67440,32.42,Bachelor's degree,None,Moderate-term on-the-job training,20700,23300,13,Much faster than average,2600,https://www.bls.gov/ooh/life-physical-and-social-science/forensic-science-technicians.htm
Forest and conservation workers,farming-fishing-and-forestry,forest-and-conservation-workers,45-4011,43680,21.00,High school diploma or equivalent,None,Moderate-term on-the-job training,10800,10300,-5,Decline,-500,https://www.bls.gov/ooh/farming-fishing-and-forestry/forest-and-conservation-workers.htm
Fundraisers,business-and-financial,fundraisers,13-1131,66490,31.97,Bachelor's degree,None,None,134400,140200,4,As fast as average,5800,https://www.bls.gov/ooh/business-and-financial/fundraisers.htm
Funeral service workers,personal-care-and-service,funeral-service-occupations,,59420,28.57,Associate's degree,See How to Become One,See How to Become One,59600,61700,4,As fast as average,2200,https://www.bls.gov/ooh/personal-care-and-service/funeral-service-occupations.htm
Gambling services workers,personal-care-and-service,gaming-services-occupations,,35630,17.13,High school diploma or equivalent,See How to Become One,See How to Become One,150600,150100,0,Little or no change,-500,https://www.bls.gov/ooh/personal-care-and-service/gaming-services-occupations.htm
General maintenance and repair workers,installation-maintenance-and-repair,general-maintenance-and-repair-workers,49-9071,48620,23.38,High school diploma or equivalent,None,Moderate-term on-the-job training,1629700,1692100,4,As fast as average,62400,https://www.bls.gov/ooh/installation-maintenance-and-repair/general-maintenance-and-repair-workers.htm
General office clerks,office-and-administrative-support,general-office-clerks,43-9061,43630,20.97,High school diploma or equivalent,None,Short-term on-the-job training,2646000,2468200,-7,Decline,-177800,https://www.bls.gov/ooh/office-and-administrative-support/general-office-clerks.htm
Genetic counselors,healthcare,genetic-counselors,29-9092,98910,47.55,Master's degree,None,None,4000,4300,9,Much faster than average,400,https://www.bls.gov/ooh/healthcare/genetic-counselors.htm
Geographers,life-physical-and-social-science,geographers,19-3092,97200,46.73,Bachelor's degree,None,None,1500,1500,-3,Decline,0,https://www.bls.gov/ooh/life-physical-and-social-science/geographers.htm
Geological and hydrologic technicians,life-physical-and-social-science,geological-and-petroleum-technicians,,50510,24.28,Associate's degree,None,Moderate-term on-the-job training,12900,13000,1,Slower than average,100,https://www.bls.gov/ooh/life-physical-and-social-science/geological-and-petroleum-technicians.htm
Geoscientists,life-physical-and-social-science,geoscientists,19-2042,99240,47.71,Bachelor's degree,None,None,25100,26000,3,As fast as average,800,https://www.bls.gov/ooh/life-physical-and-social-science/geoscientists.htm
Glaziers,construction-and-extraction,glaziers,47-2121,55440,26.65,High school diploma or equivalent,None,Apprenticeship,60500,62500,3,As fast as average,2000,https://www.bls.gov/ooh/construction-and-extraction/glaziers.htm
Graphic designers,arts-and-design,graphic-designers,27-1024,61300,29.47,Bachelor's degree,None,None,265900,271500,2,Slower than average,5700,https://www.bls.gov/ooh/arts-and-design/graphic-designers.htm
Grounds maintenance workers,building-and-grounds-cleaning,grounds-maintenance-workers,37-3000,38470,18.50,See How to Become One,None,See How to Become One,1296400,1342300,4,As fast as average,45900,https://www.bls.gov/ooh/building-and-grounds-cleaning/grounds-maintenance-workers.htm
Hand laborers and material movers,transportation-and-material-moving,hand-laborers-and-material-movers,,37680,18.12,No formal educational credential,None,Short-term on-the-job training,6950000,7208400,4,As fast as average,258400,https://www.bls.gov/ooh/transportation-and-material-moving/hand-laborers-and-material-movers.htm
Hazardous materials removal workers,construction-and-extraction,hazardous-materials-removal-workers,47-4041,48490,23.31,High school diploma or equivalent,None,Moderate-term on-the-job training,51300,51800,1,Slower than average,500,https://www.bls.gov/ooh/construction-and-extraction/hazardous-materials-removal-workers.htm
Health and safety engineers,architecture-and-engineering,health-and-safety-engineers,17-2111,109660,52.72,Bachelor's degree,None,None,23800,24900,4,As fast as average,1100,https://www.bls.gov/ooh/architecture-and-engineering/health-and-safety-engineers.htm
Health education specialists,community-and-social-service,health-educators,21-1091,63000,30.29,Bachelor's degree,None,None,71800,75000,4,As fast as average,3200,https://www.bls.gov/ooh/community-and-social-service/health-educators.htm
Health information technologists and medical registrars,healthcare,health-information-technologists-and-medical-registrars,29-9021,67310,32.36,Associate's degree,None,None,41900,48100,15,Much faster than average,6200,https://www.bls.gov/ooh/healthcare/health-information-technologists-and-medical-registrars.htm
"Heating, air conditioning, and refrigeration mechanics and installers",installation-maintenance-and-repair,heating-air-conditioning-and-refrigeration-mechanics-and-installers,49-9021,59810,28.75,Postsecondary nondegree award,None,Long-term on-the-job training,425200,459700,8,Much faster than average,34500,https://www.bls.gov/ooh/installation-maintenance-and-repair/heating-air-conditioning-and-refrigeration-mechanics-and-installers.htm
Heavy and tractor-trailer truck drivers,transportation-and-material-moving,heavy-and-tractor-trailer-truck-drivers,53-3032,57440,27.62,Postsecondary nondegree award,None,Short-term on-the-job training,2235100,2324400,4,As fast as average,89300,https://www.bls.gov/ooh/transportation-and-material-moving/heavy-and-tractor-trailer-truck-drivers.htm
Heavy vehicle and mobile equipment service technicians,installation-maintenance-and-repair,heavy-vehicle-and-mobile-equipment-service-technicians,49-3040,62740,30.16,High school diploma or equivalent,None,Long-term on-the-job training,245600,261300,6,Faster than average,15700,https://www.bls.gov/ooh/installation-maintenance-and-repair/heavy-vehicle-and-mobile-equipment-service-technicians.htm
High school teachers,education-training-and-library,high-school-teachers,25-2031,64580,31.05,Bachelor's degree,None,None,1094500,1076700,-2,Decline,-17800,https://www.bls.gov/ooh/education-training-and-library/high-school-teachers.htm
Historians,life-physical-and-social-science,historians,19-3093,74050,35.60,Master's degree,None,None,3400,3500,2,Slower than average,100,https://www.bls.gov/ooh/life-physical-and-social-science/historians.htm
Home health and personal care aides,healthcare,home-health-aides-and-personal-care-aides,31-1120,34900,16.78,High school diploma or equivalent,None,Short-term on-the-job training,4347700,5087500,17,Much faster than average,739800,https://www.bls.gov/ooh/healthcare/home-health-aides-and-personal-care-aides.htm
Human resources managers,management,human-resources-managers,11-3121,140030,67.32,Bachelor's degree,5 years or more,None,221900,233000,5,Faster than average,11100,https://www.bls.gov/ooh/management/human-resources-managers.htm
Human resources specialists,business-and-financial,human-resources-specialists,13-1071,72910,35.05,Bachelor's degree,None,None,944300,1002700,6,Faster than average,58400,https://www.bls.gov/ooh/business-and-financial/human-resources-specialists.htm
Hydrologists,life-physical-and-social-science,hydrologists,19-2043,92060,44.26,Bachelor's degree,None,None,6300,6300,0,Little or no change,0,https://www.bls.gov/ooh/life-physical-and-social-science/hydrologists.htm
Industrial designers,arts-and-design,industrial-designers,27-1021,79450,38.20,Bachelor's degree,None,None,30600,31600,3,As fast as average,1000,https://www.bls.gov/ooh/arts-and-design/industrial-designers.htm
Industrial engineering technologists and technicians,architecture-and-engineering,industrial-engineering-technicians,17-3026,64790,31.15,Associate's degree,None,None,74600,75900,2,Slower than average,1300,https://www.bls.gov/ooh/architecture-and-engineering/industrial-engineering-technicians.htm
Industrial engineers,architecture-and-engineering,industrial-engineers,17-2112,101140,48.63,Bachelor's degree,None,None,351100,389600,11,Much faster than average,38500,https://www.bls.gov/ooh/architecture-and-engineering/industrial-engineers.htm
"Industrial machinery mechanics, machinery maintenance workers, and millwrights",installation-maintenance-and-repair,industrial-machinery-mechanics-and-maintenance-workers-and-millwrights,,63510,30.53,High school diploma or equivalent,None,See How to Become One,538300,607500,13,Much faster than average,69200,https://www.bls.gov/ooh/installation-maintenance-and-repair/industrial-machinery-mechanics-and-maintenance-workers-and-millwrights.htm
Industrial production managers,management,industrial-production-managers,11-3051,121440,58.39,Bachelor's degree,5 years or more,None,241900,246500,2,Slower than average,4600,https://www.bls.gov/ooh/management/industrial-production-managers.htm
Information clerks,office-and-administrative-support,information-clerks,,43730,21.02,See How to Become One,None,See How to Become One,1336600,1302000,-3,Decline,-34600,https://www.bls.gov/ooh/office-and-administrative-support/information-clerks.htm
Information security analysts,computer-and-information-technology,information-security-analysts,15-1212,124910,60.05,Bachelor's degree,Less than 5 years,None,182800,234900,29,Much faster than average,52100,https://www.bls.gov/ooh/computer-and-information-technology/information-security-analysts.htm
Instructional coordinators,education-training-and-library,instructional-coordinators,25-9031,74720,35.92,Master's degree,5 years or more,None,232600,235500,1,Slower than average,2900,https://www.bls.gov/ooh/education-training-and-library/instructional-coordinators.htm
Insulation workers,construction-and-extraction,insulation-workers,47-2130,50730,24.39,See How to Become One,None,See How to Become One,67400,70200,4,As fast as average,2800,https://www.bls.gov/ooh/construction-and-extraction/insulation-workers.htm
Insurance sales agents,sales,insurance-sales-agents,41-3021,60370,29.02,High school diploma or equivalent,None,Moderate-term on-the-job training,568800,589800,4,As fast as average,21100,https://www.bls.gov/ooh/sales/insurance-sales-agents.htm
Insurance underwriters,business-and-financial,insurance-underwriters,13-2053,79880,38.40,Bachelor's degree,None,Moderate-term on-the-job training,127000,123700,-3,Decline,-3300,https://www.bls.gov/ooh/business-and-financial/insurance-underwriters.htm
Interior designers,arts-and-design,interior-designers,27-1025,63490,30.52,Bachelor's degree,None,None,87100,89900,3,As fast as average,2800,https://www.bls.gov/ooh/arts-and-design/interior-designers.htm
Interpreters and translators,media-and-communication,interpreters-and-translators,27-3091,59440,28.58,Bachelor's degree,None,None,75300,76600,2,Slower than average,1300,https://www.bls.gov/ooh/media-and-communication/interpreters-and-translators.htm
Ironworkers,construction-and-extraction,structural-iron-and-steel-workers,,61940,29.78,High school diploma or equivalent,None,Apprenticeship,85100,88900,4,As fast as average,3800,https://www.bls.gov/ooh/construction-and-extraction/structural-iron-and-steel-workers.htm
Janitors and building cleaners,building-and-grounds-cleaning,janitors-and-building-cleaners,37-2011,35930,17.27,No formal educational credential,None,Short-term on-the-job training,2447700,2495500,2,Slower than average,47800,https://www.bls.gov/ooh/building-and-grounds-cleaning/janitors-and-building-cleaners.htm
Jewelers and precious stone and metal workers,production,jewelers-and-precious-stone-and-metal-workers,51-9071,49140,23.63,High school diploma or equivalent,None,Long-term on-the-job training,35100,33200,-5,Decline,-1900,https://www.bls.gov/ooh/production/jewelers-and-precious-stone-and-metal-workers.htm
Judges and hearing officers,legal,judges-and-hearing-officers,,135160,64.98,Doctoral or professional degree,5 years or more,Short-term on-the-job training,44800,45400,1,Slower than average,600,https://www.bls.gov/ooh/legal/judges-and-hearing-officers.htm
Kindergarten and elementary school teachers,education-training-and-library,kindergarten-and-elementary-school-teachers,,62310,29.96,Bachelor's degree,None,None,1539800,1510000,-2,Decline,-29800,https://www.bls.gov/ooh/education-training-and-library/kindergarten-and-elementary-school-teachers.htm
Labor relations specialists,business-and-financial,labor-relations-specialists,13-1075,93500,44.95,Bachelor's degree,Less than 5 years,None,65400,65400,0,Little or no change,-100,https://www.bls.gov/ooh/business-and-financial/labor-relations-specialists.htm
Landscape architects,architecture-and-engineering,landscape-architects,17-1012,79660,38.30,Bachelor's degree,None,Internship/residency,21800,22600,3,As fast as average,800,https://www.bls.gov/ooh/architecture-and-engineering/landscape-architects.htm
Lawyers,legal,lawyers,23-1011,151160,72.67,Doctoral or professional degree,None,None,864800,900700,4,As fast as average,35900,https://www.bls.gov/ooh/legal/lawyers.htm
Librarians and library media specialists,education-training-and-library,librarians,25-4022,64320,30.92,Master's degree,None,None,142100,144500,2,Slower than average,2400,https://www.bls.gov/ooh/education-training-and-library/librarians.htm
Library technicians and assistants,education-training-and-library,library-technicians-and-assistants,,37540,18.05,See How to Become One,None,See How to Become One,163100,152100,-7,Decline,-11000,https://www.bls.gov/ooh/education-training-and-library/library-technicians-and-assistants.htm
Licensed practical and licensed vocational nurses,healthcare,licensed-practical-and-licensed-vocational-nurses,29-2061,62340,29.97,Postsecondary nondegree award,None,None,651400,668500,3,As fast as average,17100,https://www.bls.gov/ooh/healthcare/licensed-practical-and-licensed-vocational-nurses.htm
Loan officers,business-and-financial,loan-officers,13-2072,74180,35.66,Bachelor's degree,Less than 5 years,Moderate-term on-the-job training,301400,306500,2,Slower than average,5000,https://www.bls.gov/ooh/business-and-financial/loan-officers.htm
Lodging managers,management,lodging-managers,11-9081,68130,32.76,High school diploma or equivalent,Less than 5 years,None,52000,53800,3,As fast as average,1800,https://www.bls.gov/ooh/management/lodging-managers.htm
Logging workers,farming-fishing-and-forestry,logging-workers,45-4020,49540,23.82,High school diploma or equivalent,None,Moderate-term on-the-job training,44300,43300,-2,Decline,-1000,https://www.bls.gov/ooh/farming-fishing-and-forestry/logging-workers.htm
Logisticians,business-and-financial,logisticians,13-1081,80880,38.89,Bachelor's degree,None,None,241000,281300,17,Much faster than average,40300,https://www.bls.gov/ooh/business-and-financial/logisticians.htm
Machinists and tool and die makers,production,machinists-and-tool-and-die-makers,,57700,27.74,See How to Become One,None,Long-term on-the-job training,354800,348800,-2,Decline,-5900,https://www.bls.gov/ooh/production/machinists-and-tool-and-die-makers.htm
Management analysts,business-and-financial,management-analysts,13-1111,101190,48.65,Bachelor's degree,Less than 5 years,None,1075100,1169700,9,Much faster than average,94500,https://www.bls.gov/ooh/business-and-financial/management-analysts.htm
Manicurists and pedicurists,personal-care-and-service,manicurists-and-pedicurists,39-5092,34660,16.66,Postsecondary nondegree award,None,None,210100,224800,7,Much faster than average,14700,https://www.bls.gov/ooh/personal-care-and-service/manicurists-and-pedicurists.htm
Marine engineers and naval architects,architecture-and-engineering,marine-engineers-and-naval-architects,17-2121,105670,50.80,Bachelor's degree,None,None,8500,9000,6,Faster than average,500,https://www.bls.gov/ooh/architecture-and-engineering/marine-engineers-and-naval-architects.htm
Market research analysts,business-and-financial,market-research-analysts,13-1161,76950,37.00,Bachelor's degree,None,None,941700,1004700,7,Much faster than average,63000,https://www.bls.gov/ooh/business-and-financial/market-research-analysts.htm
Marriage and family therapists,community-and-social-service,marriage-and-family-therapists,21-1013,63780,30.66,Master's degree,None,Internship/residency,77800,87700,13,Much faster than average,9800,https://www.bls.gov/ooh/community-and-social-service/marriage-and-family-therapists.htm
Masonry workers,construction-and-extraction,brickmasons-blockmasons-and-stonemasons,,56600,27.21,See How to Become One,None,See How to Become One,294300,300000,2,Slower than average,5600,https://www.bls.gov/ooh/construction-and-extraction/brickmasons-blockmasons-and-stonemasons.htm
Massage therapists,healthcare,massage-therapists,31-9011,57950,27.86,Postsecondary nondegree award,None,None,168000,193900,15,Much faster than average,25900,https://www.bls.gov/ooh/healthcare/massage-therapists.htm
Material moving machine operators,transportation-and-material-moving,material-moving-machine-operators,,46620,22.41,See How to Become One,See How to Become One,See How to Become One,867700,877000,1,Slower than average,9400,https://www.bls.gov/ooh/transportation-and-material-moving/material-moving-machine-operators.htm
Material recording clerks,office-and-administrative-support,material-recording-clerks,,46120,22.17,High school diploma or equivalent,None,See How to Become One,1300800,1225000,-6,Decline,-75800,https://www.bls.gov/ooh/office-and-administrative-support/material-recording-clerks.htm
Materials engineers,architecture-and-engineering,materials-engineers,17-2131,108310,52.07,Bachelor's degree,None,None,23000,24300,6,Faster than average,1300,https://www.bls.gov/ooh/architecture-and-engineering/materials-engineers.htm
Mathematicians and statisticians,math,mathematicians-and-statisticians,,104350,50.17,Master's degree,None,None,34600,37400,8,Much faster than average,2700,https://www.bls.gov/ooh/math/mathematicians-and-statisticians.htm
Mechanical engineering technologists and technicians,architecture-and-engineering,mechanical-engineering-technicians,17-3027,68730,33.04,Associate's degree,None,None,38300,38300,0,Little or no change,0,https://www.bls.gov/ooh/architecture-and-engineering/mechanical-engineering-technicians.htm
Mechanical engineers,architecture-and-engineering,mechanical-engineers,17-2141,102320,49.19,Bachelor's degree,None,None,293100,319600,9,Much faster than average,26500,https://www.bls.gov/ooh/architecture-and-engineering/mechanical-engineers.htm
Medical and health services managers,management,medical-and-health-services-managers,11-9111,117960,56.71,Bachelor's degree,Less than 5 years,None,616200,759100,23,Much faster than average,142900,https://www.bls.gov/ooh/management/medical-and-health-services-managers.htm
Medical assistants,healthcare,medical-assistants,31-9092,44200,21.25,Postsecondary nondegree award,None,None,811000,912200,12,Much faster than average,101200,https://www.bls.gov/ooh/healthcare/medical-assistants.htm
Medical dosimetrists,healthcare,medical-dosimetrists,29-2036,138110,66.40,Bachelor's degree,None,None,4800,4900,3,As fast as average,200,https://www.bls.gov/ooh/healthcare/medical-dosimetrists.htm
Medical equipment repairers,installation-maintenance-and-repair,medical-equipment-repairers,49-9062,62630,30.11,Associate's degree,None,Moderate-term on-the-job training,68000,76800,13,Much faster than average,8800,https://www.bls.gov/ooh/installation-maintenance-and-repair/medical-equipment-repairers.htm
Medical records specialists,healthcare,medical-records-and-health-information-technicians,29-2072,50250,24.16,Postsecondary nondegree award,None,None,194800,208600,7,Much faster than average,13800,https://www.bls.gov/ooh/healthcare/medical-records-and-health-information-technicians.htm
Medical scientists,life-physical-and-social-science,medical-scientists,19-1042,100590,48.36,Doctoral or professional degree,None,None,165300,179600,9,Much faster than average,14300,https://www.bls.gov/ooh/life-physical-and-social-science/medical-scientists.htm
Medical transcriptionists,healthcare,medical-transcriptionists,31-9094,37550,18.05,Postsecondary nondegree award,None,None,43900,41800,-5,Decline,-2200,https://www.bls.gov/ooh/healthcare/medical-transcriptionists.htm
"Meeting, convention, and event planners",business-and-financial,meeting-convention-and-event-planners,13-1121,59440,28.58,Bachelor's degree,None,None,155800,163300,5,Faster than average,7500,https://www.bls.gov/ooh/business-and-financial/meeting-convention-and-event-planners.htm
Metal and plastic machine workers,production,metal-and-plastic-machine-workers,,46800,22.50,See How to Become One,None,Moderate-term on-the-job training,1000700,926200,-7,Decline,-74500,https://www.bls.gov/ooh/production/metal-and-plastic-machine-workers.htm
Microbiologists,life-physical-and-social-science,microbiologists,19-1022,87330,41.98,Bachelor's degree,None,None,20700,21600,4,As fast as average,800,https://www.bls.gov/ooh/life-physical-and-social-science/microbiologists.htm
Middle school teachers,education-training-and-library,middle-school-teachers,25-2022,62970,30.27,Bachelor's degree,None,None,633700,621300,-2,Decline,-12400,https://www.bls.gov/ooh/education-training-and-library/middle-school-teachers.htm
Military careers,military,military-careers,,,,,,,,,,,,https://www.bls.gov/ooh/military/military-careers.htm
Mining and geological engineers,architecture-and-engineering,mining-and-geological-engineers,17-2151,101020,48.57,Bachelor's degree,None,None,7000,7000,1,Slower than average,0,https://www.bls.gov/ooh/architecture-and-engineering/mining-and-geological-engineers.htm
Models,sales,models,41-9012,89990,43.26,No formal educational credential,None,None,6700,6700,-1,Decline,0,https://www.bls.gov/ooh/sales/models.htm
Music directors and composers,entertainment-and-sports,music-directors-and-composers,27-2041,63670,30.61,Bachelor's degree,Less than 5 years,None,47300,47200,0,Little or no change,-100,https://www.bls.gov/ooh/entertainment-and-sports/music-directors-and-composers.htm
Musicians and singers,entertainment-and-sports,musicians-and-singers,27-2042,88296,42.45,No formal educational credential,None,Long-term on-the-job training,169800,171600,1,Slower than average,1800,https://www.bls.gov/ooh/entertainment-and-sports/musicians-and-singers.htm
Natural sciences managers,management,natural-sciences-managers,11-9121,161180,77.49,Bachelor's degree,5 years or more,None,104300,108200,4,As fast as average,3900,https://www.bls.gov/ooh/management/natural-sciences-managers.htm
Network and computer systems administrators,computer-and-information-technology,network-and-computer-systems-administrators,15-1244,96800,46.54,Bachelor's degree,None,None,331500,317700,-4,Decline,-13800,https://www.bls.gov/ooh/computer-and-information-technology/network-and-computer-systems-administrators.htm
"News analysts, reporters, and journalists",media-and-communication,reporters-correspondents-and-broadcast-news-analysts,27-3023,60280,28.98,Bachelor's degree,None,None,49300,47400,-4,Decline,-1900,https://www.bls.gov/ooh/media-and-communication/reporters-correspondents-and-broadcast-news-analysts.htm
Nuclear engineers,architecture-and-engineering,nuclear-engineers,17-2161,127520,61.31,Bachelor's degree,None,None,15400,15300,-1,Decline,-200,https://www.bls.gov/ooh/architecture-and-engineering/nuclear-engineers.htm
Nuclear medicine technologists,healthcare,nuclear-medicine-technologists,29-2033,97020,46.64,Associate's degree,None,None,20000,20600,3,As fast as average,600,https://www.bls.gov/ooh/healthcare/nuclear-medicine-technologists.htm
Nuclear technicians,life-physical-and-social-science,nuclear-technicians,19-4051,104240,50.11,Associate's degree,None,Moderate-term on-the-job training,6000,5500,-8,Decline,-500,https://www.bls.gov/ooh/life-physical-and-social-science/nuclear-technicians.htm
"Nurse anesthetists, nurse midwives, and nurse practitioners",healthcare,nurse-anesthetists-nurse-midwives-and-nurse-practitioners,,132050,63.48,Master's degree,None,None,382700,516700,35,Much faster than average,134000,https://www.bls.gov/ooh/healthcare/nurse-anesthetists-nurse-midwives-and-nurse-practitioners.htm
Nursing assistants and orderlies,healthcare,nursing-assistants,,39430,18.96,See How to Become One,None,See How to Become One,1495400,1529800,2,Slower than average,34400,https://www.bls.gov/ooh/healthcare/nursing-assistants.htm
Occupational health and safety specialists and technicians,healthcare,occupational-health-and-safety-specialists-and-technicians,19-5000,78900,37.93,See How to Become One,None,See How to Become One,163700,183000,12,Much faster than average,19200,https://www.bls.gov/ooh/healthcare/occupational-health-and-safety-specialists-and-technicians.htm
Occupational therapists,healthcare,occupational-therapists,29-1122,98340,47.28,Master's degree,None,None,160000,182100,14,Much faster than average,22100,https://www.bls.gov/ooh/healthcare/occupational-therapists.htm
Occupational therapy assistants and aides,healthcare,occupational-therapy-assistants-and-aides,31-2010,66050,31.76,See How to Become One,None,See How to Become One,54400,64000,18,Much faster than average,9600,https://www.bls.gov/ooh/healthcare/occupational-therapy-assistants-and-aides.htm
Oil and gas workers,construction-and-extraction,oil-and-gas-workers,,52610,25.29,No formal educational credential,See How to Become One,See How to Become One,115900,117200,1,Slower than average,1400,https://www.bls.gov/ooh/construction-and-extraction/oil-and-gas-workers.htm
Operations research analysts,math,operations-research-analysts,15-2031,91290,43.89,Bachelor's degree,None,None,112100,136200,21,Much faster than average,24100,https://www.bls.gov/ooh/math/operations-research-analysts.htm
Opticians,healthcare,opticians-dispensing,29-2081,46560,22.38,High school diploma or equivalent,None,Long-term on-the-job training,79900,82200,3,As fast as average,2300,https://www.bls.gov/ooh/healthcare/opticians-dispensing.htm
Optometrists,healthcare,optometrists,29-1041,134830,64.82,Doctoral or professional degree,None,None,47800,51600,8,Much faster than average,3800,https://www.bls.gov/ooh/healthcare/optometrists.htm
Orthotists and prosthetists,healthcare,orthotists-and-prosthetists,29-2091,78310,37.65,Master's degree,None,Internship/residency,10100,11500,13,Much faster than average,1300,https://www.bls.gov/ooh/healthcare/orthotists-and-prosthetists.htm
"Painters, construction and maintenance",construction-and-extraction,painters-construction-and-maintenance,47-2141,48660,23.40,No formal educational credential,None,Moderate-term on-the-job training,342200,355200,4,As fast as average,13000,https://www.bls.gov/ooh/construction-and-extraction/painters-construction-and-maintenance.htm
Painting and coating workers,production,painting-and-coating-workers,51-9120,47390,22.79,See How to Become One,None,Moderate-term on-the-job training,174300,175600,1,Slower than average,1300,https://www.bls.gov/ooh/production/painting-and-coating-workers.htm
Paralegals and legal assistants,legal,paralegals-and-legal-assistants,23-2011,61010,29.33,Associate's degree,None,None,376200,376800,0,Little or no change,600,https://www.bls.gov/ooh/legal/paralegals-and-legal-assistants.htm
Personal financial advisors,business-and-financial,personal-financial-advisors,13-2052,102140,49.11,Bachelor's degree,None,Long-term on-the-job training,326000,357200,10,Much faster than average,31200,https://www.bls.gov/ooh/business-and-financial/personal-financial-advisors.htm
Pest control workers,building-and-grounds-cleaning,pest-control-workers,37-2021,44730,21.51,High school diploma or equivalent,None,Moderate-term on-the-job training,102400,107500,5,Faster than average,5100,https://www.bls.gov/ooh/building-and-grounds-cleaning/pest-control-workers.htm
Petroleum engineers,architecture-and-engineering,petroleum-engineers,17-2171,141280,67.92,Bachelor's degree,None,None,19600,19800,1,Slower than average,200,https://www.bls.gov/ooh/architecture-and-engineering/petroleum-engineers.htm
Pharmacists,healthcare,pharmacists,29-1051,137480,66.10,Doctoral or professional degree,None,None,335100,350500,5,Faster than average,15400,https://www.bls.gov/ooh/healthcare/pharmacists.htm
Pharmacy technicians,healthcare,pharmacy-technicians,29-2052,43460,20.90,High school diploma or equivalent,None,Moderate-term on-the-job training,490400,521800,6,Faster than average,31500,https://www.bls.gov/ooh/healthcare/pharmacy-technicians.htm
Phlebotomists,healthcare,phlebotomists,31-9097,43660,20.99,Postsecondary nondegree award,None,None,139700,147500,6,Faster than average,7900,https://www.bls.gov/ooh/healthcare/phlebotomists.htm
Photographers,media-and-communication,photographers,27-4021,42520,20.44,High school diploma or equivalent,None,Moderate-term on-the-job training,151200,154000,2,Slower than average,2800,https://www.bls.gov/ooh/media-and-communication/photographers.htm
Physical therapist assistants and aides,healthcare,physical-therapist-assistants-and-aides,31-2020,60050,28.87,See How to Become One,None,See How to Become One,157100,182900,16,Much faster than average,25800,https://www.bls.gov/ooh/healthcare/physical-therapist-assistants-and-aides.htm
Physical therapists,healthcare,physical-therapists,29-1123,101020,48.57,Doctoral or professional degree,None,None,267200,296400,11,Much faster than average,29300,https://www.bls.gov/ooh/healthcare/physical-therapists.htm
Physician assistants,healthcare,physician-assistants,29-1071,133260,64.07,Master's degree,None,None,162700,195800,20,Much faster than average,33200,https://www.bls.gov/ooh/healthcare/physician-assistants.htm
Physicians and surgeons,healthcare,physicians-and-surgeons,,239200,115.00,Doctoral or professional degree,None,Internship/residency,839000,863200,3,As fast as average,24300,https://www.bls.gov/ooh/healthcare/physicians-and-surgeons.htm
Physicists and astronomers,life-physical-and-social-science,physicists-and-astronomers,19-2010,166290,79.95,Doctoral or professional degree,None,None,26400,27400,4,As fast as average,1000,https://www.bls.gov/ooh/life-physical-and-social-science/physicists-and-astronomers.htm
"Plumbers, pipefitters, and steamfitters",construction-and-extraction,plumbers-pipefitters-and-steamfitters,47-2152,62970,30.27,High school diploma or equivalent,None,Apprenticeship,504500,527200,4,As fast as average,22700,https://www.bls.gov/ooh/construction-and-extraction/plumbers-pipefitters-and-steamfitters.htm
Podiatrists,healthcare,podiatrists,29-1081,152800,73.46,Doctoral or professional degree,None,Internship/residency,9700,9900,2,Slower than average,200,https://www.bls.gov/ooh/healthcare/podiatrists.htm
Police and detectives,protective-service,police-and-detectives,,77270,37.15,See How to Become One,See How to Become One,Moderate-term on-the-job training,826800,847700,3,As fast as average,20900,https://www.bls.gov/ooh/protective-service/police-and-detectives.htm
Political scientists,life-physical-and-social-science,political-scientists,19-3094,139380,67.01,Master's degree,None,None,6500,6300,-3,Decline,-200,https://www.bls.gov/ooh/life-physical-and-social-science/political-scientists.htm
Postal service workers,office-and-administrative-support,postal-service-workers,43-5050,57870,27.82,No formal educational credential,None,Short-term on-the-job training,500000,477100,-5,Decline,-22900,https://www.bls.gov/ooh/office-and-administrative-support/postal-service-workers.htm
Postsecondary education administrators,management,postsecondary-education-administrators,11-9033,103960,49.98,Master's degree,Less than 5 years,None,226600,230500,2,Slower than average,4000,https://www.bls.gov/ooh/management/postsecondary-education-administrators.htm
Postsecondary teachers,education-training-and-library,postsecondary-teachers,,83980,40.38,See How to Become One,See How to Become One,None,1415600,1512300,7,Much faster than average,96700,https://www.bls.gov/ooh/education-training-and-library/postsecondary-teachers.htm
"Power plant operators, distributors, and dispatchers",production,power-plant-operators-distributors-and-dispatchers,51-8010,103600,49.81,High school diploma or equivalent,None,Long-term on-the-job training,46600,41900,-10,Decline,-4700,https://www.bls.gov/ooh/production/power-plant-operators-distributors-and-dispatchers.htm
Preschool and childcare center directors,management,preschool-and-childcare-center-directors,11-9031,56270,27.05,Bachelor's degree,Less than 5 years,None,90200,87900,-3,Decline,-2300,https://www.bls.gov/ooh/management/preschool-and-childcare-center-directors.htm
Preschool teachers,education-training-and-library,preschool-teachers,25-2011,37120,17.85,Associate's degree,None,None,555100,578100,4,As fast as average,22900,https://www.bls.gov/ooh/education-training-and-library/preschool-teachers.htm
Private detectives and investigators,protective-service,private-detectives-and-investigators,33-9021,52370,25.18,High school diploma or equivalent,Less than 5 years,Moderate-term on-the-job training,43600,46200,6,Faster than average,2600,https://www.bls.gov/ooh/protective-service/private-detectives-and-investigators.htm
Probation officers and correctional treatment specialists,community-and-social-service,probation-officers-and-correctional-treatment-specialists,21-1092,64520,31.02,Bachelor's degree,None,Moderate-term on-the-job training,92300,94800,3,As fast as average,2400,https://www.bls.gov/ooh/community-and-social-service/probation-officers-and-correctional-treatment-specialists.htm
Producers and directors,entertainment-and-sports,producers-and-directors,27-2012,83480,40.13,Bachelor's degree,Less than 5 years,None,167000,175200,5,Faster than average,8300,https://www.bls.gov/ooh/entertainment-and-sports/producers-and-directors.htm
Project management specialists,business-and-financial,project-management-specialists,13-1082,100750,48.44,Bachelor's degree,None,None,1046300,1105000,6,Faster than average,58700,https://www.bls.gov/ooh/business-and-financial/project-management-specialists.htm
Property appraisers and assessors,business-and-financial,appraisers-and-assessors-of-real-estate,13-2020,65420,31.45,Bachelor's degree,None,Long-term on-the-job training,77300,80200,4,As fast as average,2900,https://www.bls.gov/ooh/business-and-financial/appraisers-and-assessors-of-real-estate.htm
"Property, real estate, and community association managers",management,property-real-estate-and-community-association-managers,11-9141,66700,32.07,High school diploma or equivalent,Less than 5 years,Short-term on-the-job training,466100,483100,4,As fast as average,17000,https://www.bls.gov/ooh/management/property-real-estate-and-community-association-managers.htm
Psychiatric technicians and aides,healthcare,psychiatric-technicians-and-aides,,42200,20.29,See How to Become One,See How to Become One,Short-term on-the-job training,182900,211700,16,Much faster than average,28700,https://www.bls.gov/ooh/healthcare/psychiatric-technicians-and-aides.htm
Psychologists,life-physical-and-social-science,psychologists,19-3030,94310,45.34,See How to Become One,None,Internship/residency,204300,216000,6,Faster than average,11800,https://www.bls.gov/ooh/life-physical-and-social-science/psychologists.htm
Public relations and fundraising managers,management,public-relations-managers,11-2030,132870,63.88,Bachelor's degree,5 years or more,None,128900,134900,5,Faster than average,6100,https://www.bls.gov/ooh/management/public-relations-managers.htm
Public relations specialists,media-and-communication,public-relations-specialists,27-3031,69780,33.55,Bachelor's degree,None,None,315900,331000,5,Faster than average,15000,https://www.bls.gov/ooh/media-and-communication/public-relations-specialists.htm
Public safety telecommunicators,office-and-administrative-support,police-fire-and-ambulance-dispatchers,43-5031,50730,24.39,High school diploma or equivalent,None,Moderate-term on-the-job training,105200,108900,3,As fast as average,3600,https://www.bls.gov/ooh/office-and-administrative-support/police-fire-and-ambulance-dispatchers.htm
"Purchasing managers, buyers, and purchasing agents",business-and-financial,purchasing-managers-buyers-and-purchasing-agents,,79830,38.38,Bachelor's degree,See How to Become One,See How to Become One,605600,638400,5,Faster than average,32700,https://www.bls.gov/ooh/business-and-financial/purchasing-managers-buyers-and-purchasing-agents.htm
Quality control inspectors,production,quality-control-inspectors,51-9061,47460,22.82,High school diploma or equivalent,None,Moderate-term on-the-job training,598000,598100,0,Little or no change,100,https://www.bls.gov/ooh/production/quality-control-inspectors.htm
Radiation therapists,healthcare,radiation-therapists,29-1124,101990,49.03,Associate's degree,None,None,19200,19600,2,Slower than average,400,https://www.bls.gov/ooh/healthcare/radiation-therapists.htm
Radiologic and MRI technologists,healthcare,radiologic-technologists,,78980,37.97,Associate's degree,See How to Become One,None,272000,285000,5,Faster than average,12900,https://www.bls.gov/ooh/healthcare/radiologic-technologists.htm
Railroad workers,transportation-and-material-moving,railroad-occupations,,75680,36.38,High school diploma or equivalent,See How to Become One,Moderate-term on-the-job training,77900,78600,1,Slower than average,700,https://www.bls.gov/ooh/transportation-and-material-moving/railroad-occupations.htm
Real estate brokers and sales agents,sales,real-estate-brokers-and-sales-agents,41-9020,58960,28.35,High school diploma or equivalent,See How to Become One,See How to Become One,532200,548700,3,As fast as average,16500,https://www.bls.gov/ooh/sales/real-estate-brokers-and-sales-agents.htm
Receptionists,office-and-administrative-support,receptionists,43-4171,37230,17.90,High school diploma or equivalent,None,Short-term on-the-job training,1007200,1007600,0,Little or no change,300,https://www.bls.gov/ooh/office-and-administrative-support/receptionists.htm
Recreation workers,personal-care-and-service,recreation-workers,39-9032,35380,17.01,High school diploma or equivalent,None,Short-term on-the-job training,327700,341100,4,As fast as average,13400,https://www.bls.gov/ooh/personal-care-and-service/recreation-workers.htm
Recreational therapists,healthcare,recreational-therapists,29-1125,60280,28.98,Bachelor's degree,None,None,16100,16600,3,As fast as average,500,https://www.bls.gov/ooh/healthcare/recreational-therapists.htm
Registered nurses,healthcare,registered-nurses,29-1141,93600,45.00,Bachelor's degree,None,None,3391000,3557100,5,Faster than average,166100,https://www.bls.gov/ooh/healthcare/registered-nurses.htm
Rehabilitation counselors,community-and-social-service,rehabilitation-counselors,21-1015,46110,22.17,Master's degree,None,None,91900,93200,1,Slower than average,1300,https://www.bls.gov/ooh/community-and-social-service/rehabilitation-counselors.htm
Respiratory therapists,healthcare,respiratory-therapists,29-1126,80450,38.68,Associate's degree,None,None,139600,156400,12,Much faster than average,16800,https://www.bls.gov/ooh/healthcare/respiratory-therapists.htm
Retail sales workers,sales,retail-sales-workers,,34730,16.70,No formal educational credential,None,See How to Become One,4208800,4197800,0,Little or no change,-11000,https://www.bls.gov/ooh/sales/retail-sales-workers.htm
Roofers,construction-and-extraction,roofers,47-2181,50970,24.51,No formal educational credential,None,Moderate-term on-the-job training,166700,176500,6,Faster than average,9800,https://www.bls.gov/ooh/construction-and-extraction/roofers.htm
Sales engineers,sales,sales-engineers,41-9031,121520,58.42,Bachelor's degree,None,Moderate-term on-the-job training,56800,59900,5,Faster than average,3100,https://www.bls.gov/ooh/sales/sales-engineers.htm
Sales managers,management,sales-managers,11-2022,138060,66.38,Bachelor's degree,Less than 5 years,None,619500,648500,5,Faster than average,29000,https://www.bls.gov/ooh/management/sales-managers.htm
School and career counselors and advisors,community-and-social-service,school-and-career-counselors,21-1012,65140,31.32,Master's degree,None,None,376300,389600,4,As fast as average,13300,https://www.bls.gov/ooh/community-and-social-service/school-and-career-counselors.htm
Secretaries and administrative assistants,office-and-administrative-support,secretaries-and-administrative-assistants,43-6000,47460,22.82,High school diploma or equivalent,See How to Become One,See How to Become One,3453100,3440800,0,Little or no change,-12400,https://www.bls.gov/ooh/office-and-administrative-support/secretaries-and-administrative-assistants.htm
"Securities, commodities, and financial services sales agents",sales,securities-commodities-and-financial-services-sales-agents,41-3031,78140,37.57,Bachelor's degree,None,Moderate-term on-the-job training,514500,531600,3,As fast as average,17100,https://www.bls.gov/ooh/sales/securities-commodities-and-financial-services-sales-agents.htm
Security guards and gambling surveillance officers,protective-service,security-guards,33-9030,38390,18.46,High school diploma or equivalent,See How to Become One,See How to Become One,1272400,1277500,0,Little or no change,5100,https://www.bls.gov/ooh/protective-service/security-guards.htm
Semiconductor processing technicians,production,semiconductor-processing-technicians,51-9141,51180,24.60,High school diploma or equivalent,None,Moderate-term on-the-job training,31900,35400,11,Much faster than average,3500,https://www.bls.gov/ooh/production/semiconductor-processing-technicians.htm
Set and exhibit designers,arts-and-design,set-and-exhibit-designers,27-1027,66280,31.87,Bachelor's degree,None,None,31300,32000,2,Slower than average,700,https://www.bls.gov/ooh/arts-and-design/set-and-exhibit-designers.htm
Sheet metal workers,construction-and-extraction,sheet-metal-workers,47-2211,60850,29.26,High school diploma or equivalent,None,Apprenticeship,127000,130100,2,Slower than average,3100,https://www.bls.gov/ooh/construction-and-extraction/sheet-metal-workers.htm
Skincare specialists,personal-care-and-service,skincare-specialists,39-5094,41560,19.98,Postsecondary nondegree award,None,None,97400,103900,7,Much faster than average,6600,https://www.bls.gov/ooh/personal-care-and-service/skincare-specialists.htm
Small engine mechanics,installation-maintenance-and-repair,small-engine-mechanics,49-3050,48240,23.19,See How to Become One,None,See How to Become One,78000,81300,4,As fast as average,3300,https://www.bls.gov/ooh/installation-maintenance-and-repair/small-engine-mechanics.htm
Social and community service managers,management,social-and-community-service-managers,11-9151,78240,37.61,Bachelor's degree,Less than 5 years,None,219800,233900,6,Faster than average,14100,https://www.bls.gov/ooh/management/social-and-community-service-managers.htm
Social and human service assistants,community-and-social-service,social-and-human-service-assistants,21-1093,45120,21.69,High school diploma or equivalent,None,Short-term on-the-job training,449600,478500,6,Faster than average,28900,https://www.bls.gov/ooh/community-and-social-service/social-and-human-service-assistants.htm
Social workers,community-and-social-service,social-workers,21-1020,61330,29.49,See How to Become One,None,See How to Become One,810900,855600,6,Faster than average,44700,https://www.bls.gov/ooh/community-and-social-service/social-workers.htm
Sociologists,life-physical-and-social-science,sociologists,19-3041,101690,48.89,Master's degree,None,None,3400,3600,4,As fast as average,100,https://www.bls.gov/ooh/life-physical-and-social-science/sociologists.htm
"Software developers, quality assurance analysts, and testers",computer-and-information-technology,software-developers,,131450,63.20,Bachelor's degree,None,None,1895500,2183300,15,Much faster than average,287900,https://www.bls.gov/ooh/computer-and-information-technology/software-developers.htm
Solar photovoltaic installers,construction-and-extraction,solar-photovoltaic-installers,47-2231,51860,24.93,High school diploma or equivalent,None,Moderate-term on-the-job training,28600,40600,42,Much faster than average,12000,https://www.bls.gov/ooh/construction-and-extraction/solar-photovoltaic-installers.htm
Special education teachers,education-training-and-library,special-education-teachers,25-2050,64270,30.90,Bachelor's degree,None,None,559500,551800,-1,Decline,-7700,https://www.bls.gov/ooh/education-training-and-library/special-education-teachers.htm
Special effects artists and animators,arts-and-design,multimedia-artists-and-animators,27-1014,99800,47.98,Bachelor's degree,None,None,57100,58000,2,Slower than average,900,https://www.bls.gov/ooh/arts-and-design/multimedia-artists-and-animators.htm
Speech-language pathologists,healthcare,speech-language-pathologists,29-1127,95410,45.87,Master's degree,None,Internship/residency,187400,215500,15,Much faster than average,28200,https://www.bls.gov/ooh/healthcare/speech-language-pathologists.htm
Stationary engineers and boiler operators,production,stationary-engineers-and-boiler-operators,51-8021,75190,36.15,High school diploma or equivalent,None,Long-term on-the-job training,33300,34000,2,Slower than average,700,https://www.bls.gov/ooh/production/stationary-engineers-and-boiler-operators.htm
"Substance abuse, behavioral disorder, and mental health counselors",community-and-social-service,substance-abuse-behavioral-disorder-and-mental-health-counselors,21-1018,59190,28.46,Master's degree,None,Internship/residency,483500,564600,17,Much faster than average,81000,https://www.bls.gov/ooh/community-and-social-service/substance-abuse-behavioral-disorder-and-mental-health-counselors.htm
Surgical assistants and technologists,healthcare,surgical-technologists,,62480,30.04,Postsecondary nondegree award,None,None,141000,147400,5,Faster than average,6500,https://www.bls.gov/ooh/healthcare/surgical-technologists.htm
Survey researchers,life-physical-and-social-science,survey-researchers,19-3022,63380,30.47,Master's degree,None,None,8800,8300,-5,Decline,-500,https://www.bls.gov/ooh/life-physical-and-social-science/survey-researchers.htm
Surveying and mapping technicians,architecture-and-engineering,surveying-and-mapping-technicians,17-3031,51940,24.97,High school diploma or equivalent,None,Moderate-term on-the-job training,59400,62100,5,Faster than average,2700,https://www.bls.gov/ooh/architecture-and-engineering/surveying-and-mapping-technicians.htm
Surveyors,architecture-and-engineering,surveyors,17-1022,72740,34.97,Bachelor's degree,None,Internship/residency,56100,58600,4,As fast as average,2500,https://www.bls.gov/ooh/architecture-and-engineering/surveyors.htm
"Tax examiners and collectors, and revenue agents",business-and-financial,tax-examiners-and-collectors-and-revenue-agents,13-2081,59740,28.72,Bachelor's degree,None,Moderate-term on-the-job training,57600,56500,-2,Decline,-1000,https://www.bls.gov/ooh/business-and-financial/tax-examiners-and-collectors-and-revenue-agents.htm
"Taxi drivers, shuttle drivers, and chauffeurs",transportation-and-material-moving,taxi-drivers-and-chauffeurs,,36660,17.62,No formal educational credential,None,Short-term on-the-job training,447900,486800,9,Much faster than average,39000,https://www.bls.gov/ooh/transportation-and-material-moving/taxi-drivers-and-chauffeurs.htm
Teacher assistants,education-training-and-library,teacher-assistants,25-9045,35240,16.94,"Some college, no degree",None,None,1422800,1401700,-1,Decline,-21100,https://www.bls.gov/ooh/education-training-and-library/teacher-assistants.htm
Technical writers,media-and-communication,technical-writers,27-3042,91670,44.07,Bachelor's degree,Less than 5 years,Short-term on-the-job training,56400,56900,1,Slower than average,500,https://www.bls.gov/ooh/media-and-communication/technical-writers.htm
Telecommunications technicians,installation-maintenance-and-repair,telecommunications-equipment-installers-and-repairers-except-line-installers,,64310,30.92,See How to Become One,None,See How to Become One,268500,259900,-3,Decline,-8600,https://www.bls.gov/ooh/installation-maintenance-and-repair/telecommunications-equipment-installers-and-repairers-except-line-installers.htm
Tellers,office-and-administrative-support,tellers,43-3071,39340,18.91,High school diploma or equivalent,None,Short-term on-the-job training,347400,302500,-13,Decline,-44900,https://www.bls.gov/ooh/office-and-administrative-support/tellers.htm
Top executives,management,top-executives,,105350,50.65,Bachelor's degree,5 years or more,None,4022200,4199500,4,As fast as average,177300,https://www.bls.gov/ooh/management/top-executives.htm
Tour and travel guides,personal-care-and-service,tour-and-travel-guides,39-7010,36660,17.63,High school diploma or equivalent,None,Moderate-term on-the-job training,55800,60300,8,Much faster than average,4500,https://www.bls.gov/ooh/personal-care-and-service/tour-and-travel-guides.htm
Training and development managers,management,training-and-development-managers,11-3131,127090,61.10,Bachelor's degree,5 years or more,None,46400,49200,6,Faster than average,2700,https://www.bls.gov/ooh/management/training-and-development-managers.htm
Training and development specialists,business-and-financial,training-and-development-specialists,13-1151,65850,31.66,Bachelor's degree,Less than 5 years,None,452300,501000,11,Much faster than average,48700,https://www.bls.gov/ooh/business-and-financial/training-and-development-specialists.htm
"Transportation, storage, and distribution managers",management,transportation-storage-and-distribution-managers,11-3071,102010,49.05,High school diploma or equivalent,5 years or more,None,216700,229800,6,Faster than average,13100,https://www.bls.gov/ooh/management/transportation-storage-and-distribution-managers.htm
Travel agents,sales,travel-agents,41-3041,48450,23.29,High school diploma or equivalent,None,Moderate-term on-the-job training,65700,67200,2,Slower than average,1400,https://www.bls.gov/ooh/sales/travel-agents.htm
Tutors,education-training-and-library,tutors,25-3041,40090,19.27,"Some college, no degree",None,None,215500,216800,1,Slower than average,1300,https://www.bls.gov/ooh/education-training-and-library/tutors.htm
"Umpires, referees, and other sports officials",entertainment-and-sports,umpires-referees-and-other-sports-officials,27-2023,38820,18.66,High school diploma or equivalent,None,Moderate-term on-the-job training,19300,20400,6,Faster than average,1100,https://www.bls.gov/ooh/entertainment-and-sports/umpires-referees-and-other-sports-officials.htm
Urban and regional planners,life-physical-and-social-science,urban-and-regional-planners,19-3051,83720,40.25,Master's degree,None,None,44700,46200,3,As fast as average,1500,https://www.bls.gov/ooh/life-physical-and-social-science/urban-and-regional-planners.htm
Veterinarians,healthcare,veterinarians,29-1131,125510,60.34,Doctoral or professional degree,None,None,86400,94700,10,Much faster than average,8300,https://www.bls.gov/ooh/healthcare/veterinarians.htm
Veterinary assistants and laboratory animal caretakers,healthcare,veterinary-assistants-and-laboratory-animal-caretakers,31-9096,37320,17.94,High school diploma or equivalent,None,Short-term on-the-job training,117800,128100,9,Much faster than average,10300,https://www.bls.gov/ooh/healthcare/veterinary-assistants-and-laboratory-animal-caretakers.htm
Veterinary technologists and technicians,healthcare,veterinary-technologists-and-technicians,29-2056,45980,22.11,Associate's degree,None,None,134200,146400,9,Much faster than average,12200,https://www.bls.gov/ooh/healthcare/veterinary-technologists-and-technicians.htm
Waiters and waitresses,food-preparation-and-serving,waiters-and-waitresses,35-3031,33760,16.23,No formal educational credential,None,Short-term on-the-job training,2329700,2313500,-1,Decline,-16300,https://www.bls.gov/ooh/food-preparation-and-serving/waiters-and-waitresses.htm
Water and wastewater treatment plant and system operators,production,water-and-wastewater-treatment-plant-and-system-operators,51-8031,58260,28.01,High school diploma or equivalent,None,Long-term on-the-job training,132400,123800,-7,Decline,-8700,https://www.bls.gov/ooh/production/water-and-wastewater-treatment-plant-and-system-operators.htm
Water transportation workers,transportation-and-material-moving,water-transportation-occupations,53-5000,66490,31.97,See How to Become One,See How to Become One,See How to Become One,84300,85400,1,Slower than average,1100,https://www.bls.gov/ooh/transportation-and-material-moving/water-transportation-occupations.htm
Web developers and digital designers,computer-and-information-technology,web-developers,,95380,45.85,Bachelor's degree,None,None,214900,230400,7,Much faster than average,15500,https://www.bls.gov/ooh/computer-and-information-technology/web-developers.htm
"Welders, cutters, solderers, and brazers",production,welders-cutters-solderers-and-brazers,51-4121,51000,24.52,High school diploma or equivalent,None,Moderate-term on-the-job training,457300,467200,2,Slower than average,9900,https://www.bls.gov/ooh/production/welders-cutters-solderers-and-brazers.htm
Wholesale and manufacturing sales representatives,sales,wholesale-and-manufacturing-sales-representatives,41-4000,74100,35.63,See How to Become One,None,Moderate-term on-the-job training,1613600,1623800,1,Slower than average,10100,https://www.bls.gov/ooh/sales/wholesale-and-manufacturing-sales-representatives.htm
Wind turbine technicians,installation-maintenance-and-repair,wind-turbine-technicians,49-9081,62580,30.09,Postsecondary nondegree award,None,Long-term on-the-job training,13600,20500,50,Much faster than average,6800,https://www.bls.gov/ooh/installation-maintenance-and-repair/wind-turbine-technicians.htm
Woodworkers,production,woodworkers,,43720,21.02,High school diploma or equivalent,None,See How to Become One,214600,211100,-2,Decline,-3400,https://www.bls.gov/ooh/production/woodworkers.htm
Writers and authors,media-and-communication,writers-and-authors,27-3043,72270,34.75,Bachelor's degree,None,Long-term on-the-job training,135400,140300,4,As fast as average,4900,https://www.bls.gov/ooh/media-and-communication/writers-and-authors.htm
Zoologists and wildlife biologists,life-physical-and-social-science,zoologists-and-wildlife-biologists,19-1023,72860,35.03,Bachelor's degree,None,None,18200,18500,2,Slower than average,300,https://www.bls.gov/ooh/life-physical-and-social-science/zoologists-and-wildlife-biologists.htm
